,day,month,year,Temperature,RH,Ws,Rain,FFMC,DMC,DC,ISI,BUI,FWI,Wind_Rain_Ratio,Fire_Weather_Index,Temperature_Risk_Encoded,RH_Risk_Encoded
count,244.0,244.0,244.0,244.0,244.0,244.0,244.0,244.0,244.0,244.0,244.0,244.0,244.0,244.0,244.0,244.0,244.0
mean,15.815573770491802,7.508196721311475,2012.0,32.1844262295082,61.96311475409836,15.491803278688524,0.7606557377049181,77.96147540983605,14.705737704918034,49.46967213114753,4.783196721311476,16.701639344262293,7.040983606557377,860.1010470462029,-359.9676156533627,1.4877049180327868,1.1147540983606556
std,8.773956228514324,1.1092273041042022,0.0,3.628136968022713,14.88096362216593,2.8057727136766166,1.9994055650382752,14.320901566679405,12.348731123435387,47.51434137295866,4.170157109156792,14.181904563724059,7.4171043466179585,764.9844698244021,261.873162285493,0.7776801916402015,0.9224829735029729
min,1.0,6.0,2012.0,22.0,21.0,6.0,0.0,28.6,0.7,6.9,0.0,1.1,0.0,1.1481056257175661,-1160.0,0.0,0.0
25%,8.0,7.0,2012.0,30.0,52.0,14.0,0.0,72.52499999999999,5.8,14.575,1.4,6.074999999999999,0.775,32.786885245901644,-525.0,1.0,0.0
50%,16.0,8.0,2012.0,32.0,63.0,15.0,0.0,83.7,11.3,33.25,3.5,12.4,4.45,1300.0,-335.27777777777777,2.0,1.0
75%,23.0,8.0,2012.0,35.0,73.25,17.0,0.5,88.3,20.75,68.15,7.3,22.525,11.375,1500.0,-164.72222222222223,2.0,2.0
max,31.0,9.0,2012.0,42.0,90.0,29.0,16.8,96.0,65.9,220.4,19.0,68.0,31.1,2100.0,218.57142857142858,2.0,2.0
