Metric,Original,Tuned
Accuracy,0.9795918367346939,0.9795918367346939
Precision,0.9545454545454546,0.9545454545454546
Recall,1.0,1.0
F1-Score,0.9767441860465116,0.9767441860465116
